标题,小区,房厅,面积,朝向,楼层,年份,位置,总价(万),单价(元/平方米)
满五唯 一，业主置换已定，诚意出售，助力成交,玉兰香苑一期A块 ,2室2厅,87.29平米,南,6,2004,张江,570,65300
保利高品质，南北通透，诚意出售，有车位，欢迎咨询。,保利金爵公寓 ,2室2厅,86.15平米,南 北,14,2009,唐镇,665,77191
毕加索 满五V一 位置好，看房方便，有长租车位,毕加索小镇(二期)(公寓) ,3室2厅,89.53平米,南 北,13,2011,唐镇,755,84330
保利2房，精装修，中间楼层，位置好,保利金色唐城 ,2室1厅,81.96平米,南 北,6,2008,唐镇,557,67960
2018年精装修 楼层高 位置好采光好 业主诚意出售,保利金爵公寓 ,2室2厅,81.37平米,南,11,2009,唐镇,600,73738
满五V一，小区中间位置，南北通，出行方便,毕加索小镇(二期)(公寓) ,2室2厅,89.54平米,南,13,2011,唐镇,750,83762
此房满五税费少，小区位置好，非底楼层，楼层位置佳,芳华路713弄 ,3室1厅,86.22平米,南,6,1995,北蔡,530,61471
三林板块+2011年房龄+满五年，视野无遮挡,绿地香颂(浦东)(公寓) ,3室2厅,88.39平米,南,16,2011,三林,718,81231
南北通风，楼层好，采光佳，三阳台。,浦江东旭公寓626弄 ,2室2厅,80.8平米,南,7,2007,高行,560,69307
精装修，满五年，南北户型，位置好，税费低,中海御景熙岸(公寓) ,3室2厅,88.32平米,南 北,18,2011,三林,660,74729
印象春城中间位置南北高楼层电梯房,印象春城 ,2室2厅,88.97平米,南 北,18,2011,周浦,578,64966
满五年没个税，视野开阔，双南两房，业主急售。,益丰新村 ,2室2厅,75.81平米,南,6,1995,张江,530,69912
一手动迁+满五唯 一+地铁口+商品房小区,芳佳苑 ,2室1厅,80.23平米,南,6,2000,北蔡,610,76032
已核验+采光好+诚意出售+交通便利近18号线+税费少,绿地康桥新苑 ,3室2厅,77.58平米,南,6,2004,康桥,518,66770
蓝村路地铁口品质小区，大二房，全明户型，看房随时,文兰小区 ,2室1厅,71.11平米,东 南,6,1992,塘桥,570,80158
总监推荐，楼层位置好，小区环境优美，近地铁,上南花苑一期 ,2室1厅,78.99平米,南 北,6,1996,世博,670,84821
满五年，南北户型，精装修，中间楼层，小区中间位置,金桥湾清水苑 ,2室1厅,70.08平米,南,6,1998,金桥,615,87757
临沂七村 3室1厅 南,临沂七村 ,3室1厅,78.11平米,南,6,1990,南码头,520,66573
（聚焦房）动迁个税，诚意出售，稀.缺中楼层，嘉里旁,伟业金锦苑二村 ,2室1厅,77.07平米,南 北,6,2003,高行,570,73959
没有个税，精装修，产权清晰，一梯两户，着急卖掉,绿川新苑 ,3室1厅,79.75平米,南 北,6,2000,北蔡,510,63950
金桥商品房小区 精装修两房 双阳台 看房方便 位置好,金泽苑 ,2室1厅,74.14平米,南,6,1999,金桥,568,76612
双轨交通7号线、13号线，电梯房边套，采光通风好,大华锦绣华城(二街区) ,2室1厅,75.94平米,南,18,2012,北蔡,698,91915
急售好房，全明户型，一手动迁，楼层佳，视野好,东陆新村五街坊 ,3室1厅,77.84平米,南,6,2003,金桥,575,73870
双南两房  满五* 采光无遮挡,东明苑 ,2室1厅,78.1平米,南,24,1998,世博,619,79258
满五年8/13号线地铁口+精装修拎包入住+电梯双南,德州一村 ,2室1厅,77.72平米,南,12,1992,世博,540,69481
已核验备案+高区+房型正气+诚意急售+近地铁18号线,绿地康桥新苑 ,2室2厅,87.26平米,南,13,2007,康桥,535,61312
"⭐⭐⭐动迁, 满五年,唯,一, 楼层好, 近地铁和文峰。",东荷小区 ,3室1厅,86.7平米,南,6,1996,金桥,535,61708
一手动迁，税费少，景观楼层位置好，居住安静舒适。,新高苑(四期) ,2室2厅,84.5平米,南,11,2013,高行,540,63906
6/8/13三轨三公园中间楼层边套临河全明户型满五,上南十二村 ,3室1厅,75.33平米,南 北,6,1994,世博,530,70358
两房朝南一房朝北 业主诚意出售 看房提前预约即可,云台一小区 ,3室1厅,72.41平米,南,6,1994,世博,520,71814
南北通2房，楼层佳采光好，产证满五年，诚意出售，,玉兰香苑二期C块 ,2室2厅,84.29平米,南,6,2009,张江,600,71183
全明户型，一手动迁，满五年。采光好，高品质小区,邮电小区(浦东) ,2室1厅,77.7平米,南 北,6,1998,金桥,515,66281
一手动迁+税费很少+南北通两房+业主诚意出售,文化馨苑 ,2室1厅,76.24平米,南,6,2004,北蔡,630,82634
双南全明户型，地铁口，三轨交汇,南杨花园 ,2室1厅,81.32平米,南 北,6,1995,北蔡,526,64683
杨思前滩+飞机户型三房+靠河景观好+急急急卖,新里城和合苑 ,3室2厅,83.19平米,南,6,1999,杨思前滩,786,94483
益丰新村 2室1厅 南,益丰新村 ,2室1厅,76.57平米,南,6,2005,张江,568,74181
南北通，小户型，采光好，近公园居住舒适，交通便利！,玉兰香苑二期B块 ,2室2厅,75.03平米,南,6,2009,张江,530,70639
东方城市华庭一房 税费少 电梯商品房 近地铁 总价低,东方城市华庭 ,1室2厅,73.25平米,南,9,2006,高行,570,77816
满五年税少，小三房，近九号线地铁,南二街坊 ,3室1厅,81.48平米,南,6,1998,金桥,540,66274
御桥+精装两房拎包入住+地铁口+满五,御桥花园 ,2室1厅,76.18平米,南,6,1996,御桥,630,82699
地铁6号线，一梯两户，名人苑公园，全明南北通,仁和花苑 ,2室1厅,76.62平米,南,7,1996,金杨,549,71653
户型正气，南北两房，无遮挡近地铁，满五低税诚意售,巨峰家苑(公寓) ,2室1厅,73.17平米,南,6,2005,金桥,590,80635
张江南+三轨交通+vip诚意卖看房随时 南北通透,印象春城 ,2室1厅,89.4平米,南 北,18,2011,周浦,615,68792
⭐⭐⭐⭐⭐（主推）满五weiyi，精装修，近地铁商品房,宜嘉苑 ,2室2厅,89.74平米,南 北,6,2003,高行,635,70760
此房中间楼层，视野好，户型好，采光好。,益丰新村 ,2室1厅,75.93平米,南,6,2005,张江,560,73753
张江南 +周浦高品质小区 位置好 楼层好 诚意售,九龙仓兰廷 ,3室1厅,89.09平米,南 北,18,未知,周浦,680,76328
是你想象家的模样，满五税少，南北户型，近地铁，74平,莱阳新家园 ,2室1厅,74.67平米,南,6,2000,金桥,500,66962
三林板块+铂金楼盘+南北户型+轨交近绕+精装修,永泰花苑 ,2室1厅,72.37平米,南 北,12,2005,三林,555,76690
房子满五税费少，此房龄新 得房率高 精装修户型正气,杉林新月环林东路879弄 ,2室1厅,72.8平米,南 北,6,2004,三林,526,72253
18号地铁+次新小区 满五年 双南户型，业主诚意出售,明天华城 ,2室2厅,89.85平米,南,16,2011,周浦,563,62660
双南两房 精装修 楼层位置好 小区环境优美 商品房,上南花苑(二期) ,2室1厅,88.3平米,南 北,5,1998,世博,739,83692
三林板块+两房朝南+中海物业+品质小区,中海御景熙岸(公寓) ,2室2厅,87.16平米,南,20,2011,三林,560,64250
⭐⭐⭐⭐⭐(店长主推）小区央座税少楼层好，采光无遮,绿地崴廉公寓 ,2室2厅,86.85平米,南,11,2007,高行,646,74382
2号唐镇800米  一手动迁税少  满五年,绿波城 ,2室2厅,86.88平米,南,6,2006,唐镇,547,62961
满五且一，19年hao华精装，看房方便，价格可谈,金鹏苑 ,2室2厅,77.31平米,南,6,1997,金桥,610,78904
三林板块+2011商品房+满五年+高层景观房,中海御景熙岸(公寓) ,2室2厅,87.16平米,南,20,2011,三林,598,68610
满五年唯壹诚意出售，新出3房户型，通透舒适宜居,香楠小区 ,3室1厅,75.26平米,南,6,1996,张江,525,69759
2号线东昌路地铁口，中间楼层位置佳，精装修南北两房,东昌大楼 ,2室0厅,74.6平米,南,13,1999,陆家嘴,660,88472
中环内，精装修，税费少，业主诚意出售，中间位置。,香楠小区 ,3室1厅,84.25平米,南,6,1995,张江,570,67656
金浦207弄环境好，优质户型，位置好，一梯两户,金浦小区(塘桥) ,2室2厅,71.11平米,南,6,1994,塘桥,610,85783
满五年税费少，高区，采光好！看中价可谈。诚意出售,保利金爵公寓 ,2室2厅,89.57平米,南,11,2009,唐镇,660,73686
客厅带阳台，两室朝南户型，等待有缘人,光明·唐镇壹号 ,2室2厅,86.77平米,南,16,2015,唐镇,500,57624
内环内小区 小区安静优雅 出行方便,洋泾花园城 ,2室2厅,89.5平米,南,6,1996,洋泾,750,83799
婚房装修+已满五+位置安静+诚意出售+视野开阔,三林世博家园(东书房路560弄) ,2室2厅,75.39平米,南,11,2006,杨思前滩,525,69638
杨思前滩+CBD版块+6.8.11三轨交通+全明户型+采光好,恒大华城新华苑 ,2室2厅,70.59平米,南,6,1998,杨思前滩,515,72957
满五 边套全明 中间楼层 业主诚意出售,金樟花苑 ,2室1厅,70.83平米,南,6,1997,金杨,685,96711
人车分流，高档小区，看了都说好，没有对比小区,大华锦绣华城(十五街区) ,2室2厅,74.69平米,南,18,2013,北蔡,785,105102
近地铁，满五，户型佳，中间楼层,联鑫坊 ,2室2厅,84.26平米,南,6,2001,高行,555,65868
一梯两户小区花园位置，楼间距开阔满五年家庭只有一套,天池一村 ,3室2厅,88.19平米,南,6,1994,北蔡,548,62139
金鹏苑双南两房，不靠路，采光好，诚意出售，看房方便,金鹏苑 ,2室2厅,70.23平米,南,6,1997,金桥,538,76606
精装两房+交通便利+配套完善+业主诚意度高,博文园 ,2室1厅,78.35平米,南,6,1998,世博,688,87812
南北精装两房 店长推荐 看房方便 诚意出售,巨野公寓 ,2室1厅,75.99平米,南 北,6,1998,梅园,610,80274
"带21平米大花园，中间位置,出门地铁口，采光好！",樱花坊 ,2室2厅,74.97平米,南 北,6,1996,花木,798,106443
急售！税少＋南北朝向＋精装修＋大阁楼,新里城和合苑 ,2室2厅,75.07平米,南,6,1999,杨思前滩,699,93114
满五年 税费少 近地铁 出行便利 诚意出售  配套齐全,培花七村 ,2室1厅,82.01平米,南,6,1995,北蔡,560,68285
2011年商品房+房龄新环境好+满五年+中高层+精装保养好,中海御景熙岸(公寓) ,3室1厅,88.42平米,南,18,2011,三林,666,75323
地铁13号线，高品质小区，全人车分流，看房方便有钥匙,大华锦绣华城(十五街区) ,2室1厅,75.62平米,东南,18,2013,北蔡,790,104470
户型方正，得房率高，近百联，配套齐全,翔川家园 ,2室2厅,79.81平米,南 北,6,2008,川沙,550,68914
前滩杨思+满五税费少+配套齐全+交通便利+高得房率,上南山水苑 ,2室2厅,86.88平米,南 北,6,2001,杨思前滩,720,82873
满五年诚意出售 主卧室带小阳台 看房随时,明天华城 ,2室2厅,88.3平米,南 北,9,2012,周浦,640,72481
三林板块+地铁11号线+中间楼层+满五年南北通,杉林新月环林东路875弄 ,2室2厅,84.83平米,南,18,2006,三林,630,74267
前滩张江御桥+房源已满五+总价低,地杰国际城E欧泊时光 ,2室1厅,84.4平米,南,26,2007,御桥,715,84716
业主急售 万科叠加别墅 带大花园 带40平地下室,万科金域澜湾鹭语墅 ,3室2厅,88.1平米,南,4,未知,临港新城,572,64927
通风采光好 户型方正 位置好 业主诚意出售,繁荣华庭 ,2室2厅,84.84平米,南,18,2016,周浦,585,68954
地铁十二号线 金京路站 电梯房 精装修 拎包入住,阳光城市家园 ,2室2厅,83.14平米,南,14,2009,金桥,600,72168
已核验备案 次新房 精装修  户型方正 视野很好,绿洲康城亲水湾(中央区) ,2室1厅,75.75平米,南,20,未知,御桥,630,83169
三林板块+地铁11号线+南北板式+一手动迁,三林新村(永泰路133弄) ,2室1厅,70.89平米,南,14,2013,三林,505,71238
业主诚意，税费少，楼层视野佳，南北通，双轨配套完善,大华锦绣华城(四街区) ,2室1厅,84.97平米,南,6,2010,北蔡,760,89444
全明户型 ，双南大两房，全程无遮挡，一梯两户,泾栖小区 ,3室1厅,75.18平米,南,6,1994,洋泾,575,76484
陆家嘴黄浦江边 高区双南全明户型 业主诚意出售税费少,滨江大楼 ,2室1厅,70.76平米,南,24,1997,陆家嘴,645,91154
小区央位，17年精装修，满五唯+一税费少，近盒马地铁,艾东小区 ,3室1厅,78.33平米,南,6,1995,北蔡,516,65876
三林板块+满5+精装修+阁楼已做,杉林新月环林东路799弄 ,2室3厅,70.96平米,南 北,6,2004,三林,510,71872
南北通，楼层好，户型方正，房东诚意出售,川杨新苑(三期) ,2室2厅,87.25平米,南 北,6,2010,张江,515,59026
18号线+精装修+满五税费少+房龄新,明天华城 ,2室2厅,88.88平米,南,14,2011,周浦,620,69757
前滩辐射+品质楼盘+产权清晰+诚意出售+低密度+多12平,绿地香颂(浦东)(公寓) ,3室2厅,88.75平米,南,18,2011,三林,669,75381
近森兰国际社区 位置好  双轨交接 无增值税,浦江东旭公寓(669弄1-109号) ,2室2厅,80.41平米,南,7,2006,高行,535,66535
新出南北通两房，楼层好，采光佳，居住起来舒适宜人,大华锦绣华城(十街区) ,2室2厅,80.1平米,南,6,2005,北蔡,775,96755
新上房源 产权清晰 视野好 业主诚售,浦发罗兰翡丽 ,2室2厅,79.97平米,南 北,18,未知,唐镇,780,97537
精装两房 保养好 前排临河 高层视野开阔+地暖 诚意卖,浦发罗兰翡丽 ,2室2厅,80平米,南,18,2018,唐镇,800,100000
临港金融商务区品质住宅，16号线滴水湖站，一线湖景,陆家嘴滴水涟岸 ,2室2厅,88.55平米,南,14,2020,临港新城,575,64936
东方城市绿洲新出房源 位置好 采光好 满五年 诚心出售,东方城市绿洲 ,2室2厅,89.46平米,南 北,11,2010,川沙,553,61816
高楼层视野好 小区位置好 诚意出售,保利金爵公寓 ,1室2厅,74.64平米,南,14,2009,唐镇,520,69668
此房满五年，税费少，价格包含地下产权车位，诚意出售,保利金爵公寓 ,2室2厅,87.02平米,北,14,2009,唐镇,590,67801
此方满五一，户型好，全明户型，房型方正。。,东方城市绿洲 ,2室2厅,86.7平米,南,11,2010,川沙,538,62054
链家优选亲上精装修南北同2房改san房、税少,国地公寓 ,2室1厅,87.66平米,南,6,1998,塘桥,699,79740
边套不靠马路，很安静，客北卧南，视野正看三件套,久阳滨江公寓 ,1室1厅,71.15平米,南 北,25,2006,陆家嘴,654,91919
精装修带地暧，看房方便诚心出售，保利商品房保利物业,保利金爵公寓 ,2室2厅,88.11平米,南,6,2009,唐镇,630,71502
6+9+14号线，地铁三轨，满五年，业主就这一套房,金杨六街坊 ,3室1厅,83平米,南 北,6,1994,金杨,710,85543
近地铁，位置好，户型通透，采光好，房龄新，精装修,顺馨佳园 ,2室1厅,86.71平米,南,6,2009,川沙,580,66890
精装修l拎包入住，南北通满五年，全屋除湿换气系统。,毕加索小镇(二期)(公寓) ,2室2厅,88.95平米,南,11,2011,唐镇,720,80945
陆家嘴高区看江双南两房 满五年,滨江大楼 ,2室1厅,78.72平米,南,24,1997,陆家嘴,750,95275
紫翠高清苑 2室1厅 南,紫翠高清苑 ,2室1厅,81.1平米,南,6,2011,北蔡,540,66585
陆家嘴滨江板块八佰伴商圈，正气两房，高区视野采光好,滨康大楼 ,2室1厅,76.17平米,南 东,18,1995,陆家嘴,668,87699
前滩旁＋地铁口，税费少。得房率高，花园位置。,三林新村(永泰路468弄) ,2室2厅,83.82平米,南,18,2009,三林,580,69196
三林+前滩+御桥+精装修+南北两房+一首动迁+拎包入住,浦发绿城西泰林路901弄 ,2室1厅,79.76平米,南,6,2004,三林,500,62689
05年商品房  中间楼层  拎包入住,绿川新苑 ,2室2厅,82.4平米,南,7,2005,北蔡,535,64928
05年小区房龄新，满五 唯    一 税费少,龙沟新苑 ,2室1厅,76.01平米,南,6,2005,北蔡,590,77622
户型整齐 格局好 近地铁 精装修 一梯两户 税费少,金杨新村四街坊 ,3室1厅,74.64平米,南,6,1995,金杨,698,93516
一梯两户，采光无疑，空气流畅，诚意出售,罗山三村 ,2室1厅,72.77平米,南,6,1997,金杨,535,73520
非顶楼 一手动迁 全明大三房 一梯两户 地铁9号线,银山小区 ,3室1厅,85.81平米,南,6,1997,金杨,550,64096
高楼层，精装两房，视野好，业主诚意出售,浦发罗兰翡丽 ,2室2厅,79.97平米,南,18,未知,唐镇,799,99913
电梯高区两房，视野好，单价合理，满五年,东城新村 ,2室1厅,76.12平米,南,18,1999,杨东,630,82765
三林前滩板块+诚意出售+无限制信息+产权清晰+了解房源,绿地香颂(浦东)(公寓) ,2室1厅,87.84平米,南,18,2011,三林,666,75820
18号线康桥站+满五wei一+简约装修两年+采光好+有钥匙,绿地康桥新苑 ,2室2厅,88.07平米,南 北,6,2004,康桥,520,59044
玉兰新正气两房+有钥匙随时看房+信任链家顶楼带大阁楼,玉兰香苑一期B块 ,2室2厅,82.5平米,南,6,2004,张江,585,70910
9号线地铁 、03年小区、满五税费低、业主诚心，有钥匙,金色米兰苑 ,2室2厅,85.1平米,南,6,2003,金桥,545,64043
此房满五年无增值税，一梯两户，南北通格局，诚意出售,紫翠高清苑 ,2室2厅,81.1平米,南,6,2011,北蔡,530,65352
婚房装修，近六号线，中层满五年，看房方便，诚意出售,艾山新村 ,2室1厅,75.59平米,南,6,1996,金杨,505,66808
此房满五V一，精装带地暖，楼层好，视野宽阔，采光足,春港丽园(公寓) ,2室2厅,88.29平米,南,6,2000,张江,520,58897
满五，税费少，格局好，南北双阳台，楼层好位置佳,由中苑 ,2室2厅,85.09平米,南,6,2000,北蔡,720,84617
满五，税费少，精装修，一梯两户,东盛公寓 ,2室2厅,82.08平米,南 北,7,1998,世博,600,73100
此房满五年，户型好双朝南，采光充足视野好，诚意出售,金樟花苑 ,2室1厅,79.29平米,南,6,1994,金杨,715,90176
非顶楼+非底楼+户型正气+位置佳+采光好+近地铁,芳华路188弄 ,3室1厅,88.52平米,南,6,1995,北蔡,630,71171
满五年，南北通风，视野开阔，采光充足,毕加索小镇(二期)(公寓) ,2室1厅,89.42平米,南,13,2011,唐镇,730,81638
业主诚意出售、采光刺眼-看房方便-13年次新房小区！急,逸翠公馆 ,2室1厅,86.45平米,南,24,2011,世博,730,84442
前滩三林+二手买入+采光充足+中间楼层+诚意出售,新里城和合苑 ,2室2厅,74.38平米,南,5,1999,杨思前滩,689,92633
三林板块+必看好房+中间位置+高楼层+随时看+税费各付,永泰花苑 ,2室1厅,72.59平米,南,11,2004,三林,560,77146
精装修保养良好+中间位置+诚心出售+小区已加装电梯,金杨路750弄 ,2室2厅,83.5平米,南,6,1996,金杨,550,65869
小区中间位置双南户型，采光好，无遮挡，税费少,罗山四村 ,2室1厅,73.17平米,南,6,1993,金杨,548,74895
央心位置精装30万拎包入住  诚意出售景观房,高行家园 ,2室2厅,81.91平米,南 北,6,2009,高行,535,65316
前滩 御桥 张江 一手动迁配套全,地杰国际城D街坊 ,2室2厅,84.8平米,南,27,2009,御桥,750,88444
小三房 交通便利 优质户型 精装修,浦东南路2141弄 ,3室1厅,72.95平米,南 北,6,1994,塘桥,600,82249
电梯高层+高品质小区+满五税费少+阳面视野开阔无遮挡,鼎鑫名流世家 ,2室2厅,89.56平米,南,11,2009,川沙,500,55829
内环内精装三房，视野采光无遮挡，可拎包入住。,东城新村 ,3室1厅,79平米,南 北,7,2000,杨东,760,96203
2004年商品房，南北通全明户型，采光明亮，税费少,绿川馨康苑 ,2室2厅,81.51平米,南,6,2004,北蔡,590,72384
户型通透+满五wei一+精装修带地暖+有固定车位,海东公寓 ,2室2厅,87.6平米,南,6,1997,北蔡,598,68265
自住装修 高楼层 东边户 采光好 业主诚心出售看房联系,印象春城 ,2室2厅,88.18平米,南,18,2011,周浦,530,60105
正气三房，税费少，前后无遮挡，配套成熟，中等装修,柳博小区(柳一小区) ,3室1厅,78.56平米,南,6,1994,金桥,545,69374
02年南北通全明商品房+没有个税+一梯两户,绿川家园 ,2室2厅,87.52平米,南,6,2002,北蔡,613,70042
三林前滩板块+诚意出售+满五年+地铁11号线,绿地香颂(浦东)(公寓) ,3室1厅,87.84平米,南,18,2011,三林,660,75137
南北通好格局，看房方便，业主诚意卖,绿地东上海三期 ,2室1厅,89.65平米,南 北,17,2014,周浦,675,75293
满五，业主诚意出售，采光充足，小区中间位置,海东公寓 ,2室2厅,79.21平米,南 北,6,1997,北蔡,550,69436
小区高层中间位置，满五年，诚意卖,保利金爵公寓 ,2室1厅,86.15平米,南,14,2009,唐镇,660,76611
前滩辐射+三开间朝南+电梯中间楼层+税费少+居家装修,三林世博家园(东书房路390弄) ,2室1厅,76.45平米,南,17,2006,杨思前滩,535,69981
诚意出售，看房方便，楼层好单价低，南北通透,新里城和合苑 ,2室2厅,79.73平米,南 北,6,1999,杨思前滩,755,94695
香山新村西北街坊 2室2厅 南,香山新村西北街坊 ,2室2厅,83.21平米,南,6,1996,金杨,550,66098
杨思板块 满五维一 套税费少 配套齐全 交通便利,上南山水苑 ,2室2厅,89.17平米,南 北,6,2001,杨思前滩,705,79063
非顶楼！一手动迁满五V1，样板房精装修，房型好位置佳,东波苑二街坊 ,3室1厅,86.25平米,南,6,1998,高行,575,66667
中间楼层，小区中间位置，满五年，诚意出售。,绿川馨康苑 ,2室1厅,81.51平米,南,6,2004,北蔡,598,73366
三林板块+双南户型+诚意出售+配套齐全+近地铁,永泰花苑 ,2室1厅,73.5平米,南,12,2005,三林,550,74830
户型方正+近地铁+满五税少+视野开阔+房东诚售,龙港新村 ,2室2厅,87.93平米,南,6,1997,北蔡,515,58570
中环内，13/18双轨交通，全明户型，非顶楼，满五且一,莲溪一村 ,3室1厅,81.99平米,南,7,1994,北蔡,525,64033
全明户型，南北通透，出行便利，中间楼层，客厅大,莲安东路80弄 ,3室1厅,82.73平米,南 北,6,1994,北蔡,580,70108
非顶楼全明户型+采光好+交通便利+配套成熟,北中路280弄 ,3室1厅,83.96平米,南,6,1994,北蔡,530,63126
满五v1，小区位置居中，婚房精装修，楼层好，,大华锦绣华城(一街区) ,2室2厅,73.58平米,南,6,2008,北蔡,769,104513
满五年，税费少，近地铁，配套齐全,培花七村 ,2室2厅,83.95平米,南,7,1995,北蔡,520,61942
方正小三房，低楼层双房朝南，带花园。近7号线,芳华路253弄 ,3室1厅,84.08平米,南,6,1995,北蔡,568,67555
前滩辐射+6、8 号线双轨交汇+税费少+双南大两房,凌兆新村(上浦路202弄) ,2室1厅,86.48平米,南,6,1995,三林,535,61865
此房前后无遮挡，楼层高，采光好，视野开阔 诚意出售,罗山五村 ,2室1厅,71.64平米,南,6,1992,金杨,520,72586
三林板块+电梯房小区+8号线芦恒路+东方懿德城生活便利,士韵家园 ,3室1厅,82.77平米,南,30,2013,三林,546,65966
已核验备案开发商统一装修楼层好，买进价高业主诚意出,绿洲康城亲水湾(中央区) ,2室2厅,88.63平米,南,18,2017,御桥,695,78416
18号线地铁口 绿地南北通2居 双阳台 中间楼层 央位,绿地康桥新苑 ,2室2厅,81.41平米,南 北,6,2004,康桥,505,62032
已核验备案+满五年+看房方便+税费较少,绿地康桥新苑 ,2室2厅,87.36平米,南,13,2007,康桥,530,60669
房东急卖 11年次新房 附10平方，世博后滩  急卖,逸翠公馆 ,2室2厅,86.45平米,东南,24,2011,世博,740,85599
已核验备案+张江前滩+满五年+小区近东门+18号线康桥站,绿地康桥新苑 ,2室2厅,81.6平米,南,6,2004,康桥,500,61275
已核验备案+此房满五，免征个税干净清爽诚意出售,御桥花园 ,3室1厅,86.94平米,南 北,6,1996,御桥,730,83966
已核验备案+康桥张江前滩+户型正+位置佳+诚意出售,绿地康桥新苑 ,2室2厅,80.9平米,南,6,2004,康桥,500,61805
售后公房，没有增值税，全明户型，电梯高区，紧靠地铁,齐二小区 ,2室1厅,76.37平米,南 东,24,1996,世博,610,79875
世博2011年的次新房，全明采光，边套双南，精装修,逸翠公馆 ,3室1厅,86.45平米,东南,24,2011,世博,740,85599
户型方正，一手动迁满五唯1，昌邑未用，交通便利,金顺小区 ,3室1厅,88.96平米,南 北,6,1994,北蔡,715,80374
一手动迁，税费低，业主诚意出售，户型方正，布局合理,芳华路253弄 ,2室1厅,75.02平米,南,6,1995,北蔡,505,67316
世博电梯两房+高楼层+6/7号线300米+满五年+居家装修~,东明苑 ,2室1厅,80.82平米,南,24,1998,世博,728,90077
联丰二期 2室2厅 南 北,联丰二期 ,2室2厅,70.9平米,南 北,6,1998,杨思前滩,570,80395
一手动迁，税费低，三开间朝南，全明户型,金桥新村四街坊 ,3室1厅,86.61平米,南,6,1998,金桥,700,80823
只允许百分之30的地方长出房子！,绿地香颂(浦东)(公寓) ,3室2厅,87.78平米,南,18,2011,三林,679,77353
满五年，0增值税，中间楼层，南北通透，业主诚意出售,大华锦绣华城(四街区) ,2室2厅,83.2平米,南 北,6,2010,北蔡,785,94351
前滩三林御桥 南北两房 一梯两户 中间楼层 得房率高,明丰花园 ,2室1厅,83.55平米,南,6,2002,三林,670,80192
一梯两户商品房小区+南北方正户型+前后无遮挡采光好,金杨路750弄 ,2室1厅,83.5平米,南,6,1996,金杨,520,62276
满五，11号线地铁，30万装修，前滩，盒马鲜生，高楼层,中海御景熙岸(公寓) ,3室2厅,88.58平米,南,20,2011,三林,696,78574
四条地铁+磁悬浮，非底非顶，全明双南，满五诚售,南杨花园 ,2室1厅,81.32平米,南,6,1995,北蔡,565,69479
此房满五年税费低，精装修出租。房东诚意出售,香楠小区 ,3室2厅,86.86平米,南,6,2001,张江,625,71955
前滩 御桥 张江 高楼层，采光好，视野好，交通便利,地杰国际城D街坊 ,2室2厅,84.8平米,南,27,2009,御桥,710,83727
满五不 唯 一，高品质小区，一梯两户，户型方正,齐八小区 ,3室1厅,73.92平米,南,6,1995,世博,538,72782
一梯两户+商品房+中间楼层+精装修,德州五村 ,2室2厅,71.8平米,南,6,1996,世博,529,73677
三林板块+精装修+满五+高楼层,保利林语溪(公寓) ,2室2厅,89.63平米,南,18,2011,三林,660,73637
⭐⭐⭐一梯两户、双南户型、中间楼层、售后公房,金杨新村四街坊 ,2室1厅,75.65平米,南 北,7,1995,金杨,680,89888
楼层好 位置好 诚意出售可签字 动迁房,金桥新村四街坊 ,2室1厅,71.92平米,南,6,1997,金桥,590,82036
华高庭园 2室2厅 南,华高庭园 ,2室2厅,89.27平米,南,6,2002,高行,650,72813
一手动迁 中间位置 户型方正采光好,嘉屯苑 ,2室1厅,80.12平米,南 北,6,2001,高行,548,68398
视野开阔，采光充足，前后无遮挡，生活配套齐全,翔川家园 ,2室2厅,79.81平米,南,6,2008,川沙,545,68288
*上双南两房，满五，税费少，中间楼层。,金恒小区 ,2室1厅,77.18平米,南 北,6,1995,北蔡,570,73854
双天井大两房，满五税费少，出行交通方便,锦欣苑 ,2室1厅,87.32平米,南,6,2002,高行,668,76501
高区景观三房，精装修，业主急售,竹园高层 ,3室1厅,78.89平米,南,26,1990,源深,730,92534
内环内，双轨交汇，生活便利！小区中间位置稀有大三房,海院小区 ,3室1厅,86.95平米,南 北,6,1988,梅园,780,89707
此房满五税少，小区中间位置，非底楼层，楼层位置佳,芳华路713弄 ,3室1厅,86.22平米,南,6,1995,北蔡,530,61471
满五年+位置好+南北通+精装修,杉林新月环林东路799弄 ,2室1厅,71.18平米,南,6,2004,三林,505,70947
杨思前滩+一手动迁+满五年+税费少+诚意出售,三林世博家园(新浦路251弄) ,2室1厅,76.47平米,南 北,17,2006,杨思前滩,527,68916
叠加精装小面积次新别墅，带阁楼，位置好，诚意出售,万科金域澜湾鹭语墅 ,2室2厅,87.74平米,南,4,2019,临港新城,650,74083
此房是满五年 2000年商品房小区 精装修 13号线北蔡站,紫叶花园东园 ,2室2厅,84.73平米,南,6,2000,北蔡,698,82380
浦江东旭公寓(669弄110-124号) 3室1厅 南,浦江东旭公寓(669弄110-124号) ,3室1厅,86.01平米,南,18,2009,高行,530,61621
张江南，九龙仓三房，有产权车位，诚售五星,九龙仓兰廷 ,3室2厅,89.42平米,南,18,未知,周浦,700,78283
内环边，地铁口，满五V一，双南全明，不靠路，诚意卖,白杨小区 ,2室1厅,81.11平米,南,6,1995,北蔡,540,66577
9/14号线+精装+非顶楼+满五+南北通+采光好,金杨六街坊 ,3室1厅,83.08平米,南,6,1995,金杨,699,84136
小区经典2房+楼层佳+有钥匙+地铁口+生活便利,明丰佳园 ,2室1厅,70.7平米,南,6,1997,南码头,586,82886
小区中间位置 高楼层  视野好 户型好,新高苑(四期) ,2室2厅,86.63平米,南,12,2013,高行,505,58294
满五无个税，格局好，中间楼层，不靠路，地铁站300米,金桥新村四街坊 ,3室1厅,75.19平米,南,6,1997,金桥,610,81128
房源已核验+御桥前滩张江+南北通有阁楼露台,明纶园 ,3室2厅,84.04平米,南 北,6,2003,御桥,500,59496
电梯房三房  房型正气 交通便利 房东诚意出售 近地铁,上南九村 ,3室1厅,89.86平米,南,24,1993,世博,615,68440
满五年地铁电梯两房，楼层好，诚意出售，看房随时！,丽都成品 ,2室1厅,83.89平米,南,18,2005,金桥,685,81655
花木苑 2室1厅 南,花木苑 ,2室1厅,74.45平米,南,6,2000,花木,750,100739
三林前滩+满五+11/6双轨交+电梯中楼层,金橘新苑 ,2室2厅,80.25平米,南,18,2006,三林,723,90094
次新小区+产权车位+18号地铁+满五年+诚意出售+有钥匙,明天华城 ,2室2厅,89平米,南 北,17,2011,周浦,590,66293
电梯房+11号线+三林板块+外环内+双南两房,金禾新苑 ,2室1厅,71.09平米,南,11,2006,三林,698,98186
小区位置好，精装小复式，边套全明户型，面积使用率高,明天华城 ,3室2厅,83.89平米,南,6,2011,周浦,570,67947
三林板块+一手动迁+税费少+诚意出售+配套齐全+近地铁,永泰花苑 ,2室2厅,71.05平米,南 北,11,2005,三林,527,74174
一手动迁+南北通+业主诚意+位置佳+近地铁+近双子塔,川杨新苑(六期) ,2室1厅,85.5平米,南,14,2012,张江,569,66550
模范小区 三房 花园位置 房东诚意出售 看中可签,金桥新村四街坊 ,3室1厅,85.01平米,南 北,6,1997,金桥,700,82344
满五唯~一+南北通两房+双阳台+精装修+中间位置,海东公寓 ,2室2厅,83.57平米,南,6,1998,北蔡,550,65814
已核验备案+御桥张江前滩+满五+格局好+低密度品质小区,东方御水湾 ,3室2厅,89.37平米,南 北,11,2012,御桥,742,83026
房子视野好，采光佳，税费少，业主诚售,罗山四村 ,2室1厅,70.04平米,南,6,1993,金杨,500,71388
诚意卖 可签字 满五V一 模范小区 样板房,金杨二街坊 ,3室1厅,74.55平米,南,6,1995,金杨,510,68411
业主诚意出售，看房子比较方便，好房子等有缘人,云台一小区 ,3室1厅,72.27平米,南,6,1994,世博,555,76796
可签字房源诚心出售，南北通透户型带装修,绿地崴廉公寓 ,2室2厅,86.67平米,南 北,14,2005,高行,635,73267
景观楼层，不靠路，单价低，边套大三房，业主诚意出售,金桥新村四街坊 ,3室1厅,85.01平米,南,6,1997,金桥,630,74109
居家装修+满五+业主诚售+到价签字,东明苑 ,2室1厅,76.93平米,南,24,1998,世博,580,75394
红莲小区电梯高区，近7号地铁杨高南路站，诚意出售。,红莲小区 ,2室2厅,86.78平米,东 北,25,1996,世博,533,61420
此房为高楼层 无个税 配套设施齐全 交通便利 诚意出售,金樟花苑 ,2室1厅,71.84平米,西南,6,1995,金杨,690,96047
此房满五 采光充足 配套设施齐全 交通便利,栖山路1689弄 ,2室1厅,71.19平米,南,6,1994,金杨,688,96643
满五年  视野开阔 无遮挡 采光充足 正气朝南三房,金桥湾清水苑 ,3室1厅,82.39平米,南,6,1998,金桥,650,78894
中间位置 中间楼层  hao装两房   近地铁 诚心出售,伟业金锦苑三村 ,2室1厅,79.02平米,南,6,2003,高行,596,75424
中间位置 中间楼层  hao装两房   近地铁 诚心出售,伟业金锦苑三村 ,2室1厅,79.02平米,南,6,2003,高行,596,75424
满五年  视野开阔 无遮挡 采光充足 正气朝南三房,金桥湾清水苑 ,3室1厅,82.39平米,南,6,1998,金桥,650,78894
此房满五 采光充足 配套设施齐全 交通便利,栖山路1689弄 ,2室1厅,71.19平米,南,6,1994,金杨,688,96643
此房为高楼层 无个税 配套设施齐全 交通便利 诚意出售,金樟花苑 ,2室1厅,71.84平米,西南,6,1995,金杨,690,96047
电梯房，采光充足，小区位置好，税费少，业主诚意出售,香山新村东南街坊 ,2室1厅,75.11平米,南,24,1996,金杨,555,73892
杨东总价低3房，位置安静满五年，采光视野好看房方便,东城新村 ,3室1厅,79.96平米,南,6,1999,杨东,790,98800
采光充足，配套齐全，交通方便，适宜地铁出行的上班人,莲溪二村 ,2室2厅,84.84平米,南,6,1996,北蔡,502,59171
两房带院子，精装修，满五年，税少，位置好，直接住,保利金色唐城 ,2室2厅,81.2平米,南,6,2008,唐镇,555,68350
满五年，户型方正，两房房主诚意出售。,保利金色唐城 ,2室2厅,82.14平米,南,6,2008,唐镇,558,67933
杨思前滩+近杨思站+户型方正+满五*,杨新路198弄 ,3室1厅,88.36平米,南 北,7,1994,杨思前滩,530,59982
满五维一，户型方正，一手动迁，不靠马路，得房率高。,翔川家园 ,2室2厅,86.63平米,南,6,2008,川沙,585,67529
张江南+11号线秀沿路地铁，精装修南北房型 税少,汤巷馨村(二期) ,2室2厅,87.56平米,南,6,2010,康桥,510,58246
诚意出售，楼层好，双阳台，看房方便，满五少税,金杨新村四街坊 ,2室1厅,70.51平米,南,6,1995,金杨,628,89066
新上电梯大三房  产权清晰  业主诚心出售 到价签字,泾东小区 ,3室1厅,87.03平米,西南,25,1990,洋泾,725,83305
陆家嘴精装修保养好朝南电梯两房,陈家宅小区(潍坊西路) ,2室1厅,71.11平米,南,18,未知,陆家嘴,746,104908
13号线地铁口精装南北两房  低楼层满五V一  诚意出售,加东花园 ,2室1厅,72.96平米,南,6,1997,北蔡,530,72643
中间楼层 产权清晰 无贷款无抵押 诚意出售,金樟花苑 ,2室1厅,71.84平米,南,6,1995,金杨,715,99527
原动迁，楼层好，位置好，税费低，三房朝南，,金桥新村四街坊 ,3室1厅,86.54平米,南,6,1998,金桥,735,84932
前滩三林+双南两房+交通便利+配套齐全+诚意出售,品华苑 ,2室1厅,84.86平米,南,5,2000,三林,526,61985
满五名下一套，近7号线，南北两房，位置好采光无遮挡,大华锦绣华城(一街区) ,2室2厅,73.7平米,南,6,2008,北蔡,730,99051
中间楼层+双地铁+双北蔡+小区中间位置+98年商品房小区,加东花园 ,2室1厅,72.63平米,南,6,1998,北蔡,525,72285
满五少税费，业主婚房装修。房型可塑性高，居住适宜。,春港丽园(公寓) ,3室1厅,86.27平米,南,6,2000,张江,543,62942
小区好双南户型方正、动迁、诚售、满五、看房提前约、,金杨新村四街坊 ,2室1厅,70.36平米,南,7,1995,金杨,660,93804
御桥 张江 一手动迁，采光好，视野好交通便利,地杰国际城D街坊 ,2室1厅,84.8平米,南,27,2009,御桥,760,89623
无户口无抵押产权清晰，业主急售，随时签字，看房方便,绿地崴廉公寓 ,2室1厅,89.6平米,南,16,2008,高行,628,70090
新出板式南北边套三房，全明户型，值得考虑,金恒小区 ,3室1厅,88.17平米,南,6,1995,北蔡,680,77124
三林前滩+次新房+低密度社区+双轨交汇+停车方便,海尚新纪园 ,2室1厅,86.77平米,南,11,2014,三林,800,92198
前滩三林+双南两房+交通便利+配套成熟+诚意出售+满五,品华苑 ,2室1厅,76.67平米,南 北,6,1999,三林,530,69128
没有个税，户型好，业主诚意出售，看房方便,新里城和合苑 ,2室2厅,74.75平米,南,6,1999,杨思前滩,750,100335
电梯房全明户型满五年*一，税费少，位置好采光无遮挡,杉林新月环林东路799弄 ,2室2厅,76.94平米,西南,12,2004,三林,510,66286
中环内+市政动迁工程+婚房装修+采光好+税费低,三林世博家园(新浦路199弄) ,2室1厅,74.43平米,南,17,2006,杨思前滩,515,69193
前滩板块+楼层好+中间位置+南北板式户型+诚意出售。,桃李家园 ,2室2厅,89.25平米,南,6,2000,杨思前滩,770,86275
三林板块+6/8/11三轨交汇+一手动迁+诚意出售+税费低,三林新村(永泰路468弄) ,2室2厅,83.93平米,南 北,18,2009,三林,600,71489
电梯双南两房 近地铁 精装修 拎包入住,雪野二村 ,2室1厅,75.3平米,南,16,1993,世博,650,86322
电梯房南北通，户型方正，业主急售！房龄新，楼层好,金桥新家园 ,1室2厅,71.35平米,南,21,2005,金桥,580,81290
杨思前滩+税费少+采光充足+带阁楼+楼层好无遮挡+好房,三林世博家园(大道站路94弄) ,2室1厅,83.51平米,南 北,6,2006,杨思前滩,520,62268
三林板块+楼层楼户型好+6/11双轨交汇+看房方便,金橘新苑 ,2室1厅,82.16平米,南,10,2006,三林,758,92260
世博生活区，南北两房，边套全明，保养好，近地铁,上南花苑一期 ,2室2厅,77.19平米,南,7,1996,世博,700,90686
三林板块+地铁11号线+精装修+带阁楼,杉林新月环林东路879弄 ,2室2厅,72.58平米,南 北,6,2004,三林,519,71508
满五年，中间位置高楼层，有钥匙随时看房，诚意出售,绿地崴廉公寓 ,2室1厅,88.39平米,南 北,14,2005,高行,680,76932
三林新村+精装修两房+全明户型+税费少,三林新村(永泰路258弄) ,2室1厅,79.73平米,南,14,2012,三林,539,67604
一房朝东南 一房朝东 中间楼层 采光好 户型通透,茂兴大厦 ,2室1厅,81.69平米,西南 南,24,1995,塘桥,566,69287
河滨城市花园4室3厅 地铁200米 南 有大地下室,河滨城市花园 ,4室3厅,89平米,南,11,2006,曹路,579,65057
满五年+单价低+大面积+陆家嘴旁+户型方正+交通便利,开发浦东 ,2室1厅,79平米,南,25,1991,潍坊,695,87975
明天华城两房全南户型，中高楼层双阳台，满五年税费少,明天华城 ,2室2厅,89.8平米,南,16,2011,周浦,599,66704
南北通2+1户型，有车位，位置好，诚意出售,印象春城 ,2室2厅,89.43平米,南 北,18,2011,周浦,538,60159
人车分流次新小区+精装修+业主诚意卖,绿地东上海三期 ,2室2厅,89.8平米,南,17,2014,周浦,670,74611
交通方便 中间楼层 满五年 不靠路 采光好,环龙公寓 ,2室2厅,89.14平米,南,6,2002,北蔡,715,80211
地铁8/13号+售后公房税费少+全南户型采光好诚意出售,德州大楼 ,3室2厅,81.58平米,南,25,1992,世博,630,77225
洋泾大两房 精装修 中间楼层 业主诚意出售,名门世家(浦东) ,2室2厅,74.07平米,南,7,1998,洋泾,650,87755
户型正气，小区花园位置，诚意出售，配套齐全。,金桥新村四街坊 ,3室1厅,75.3平米,南,6,1997,金桥,637,84595
满五，中间位置，正气3房，一梯两户，价格可谈急售。,金桥新村四街坊 ,3室1厅,75.19平米,南,6,1997,金桥,598,79532
金爵特殊户型两房带地下室，诚意卖,保利金爵公寓 ,2室2厅,87.2平米,南,11,2009,唐镇,650,74542
洋泾大三房，精装修，满五，售后公房，产权清晰,博山小区 ,3室1厅,85.24平米,南,25,1990,洋泾,660,77429
三林板块+11号线地铁口+税费低+业主诚意出售,翠竹苑 ,3室1厅,82.1平米,南,6,1997,三林,550,66992
永泰花苑 2室1厅 南 北,永泰花苑 ,2室1厅,79.35平米,南 北,11,2004,三林,530,66793
售后公房，税费少，楼层好，不靠路，居家装修，诚意卖,金桥横街小区 ,2室2厅,70.94平米,南 北,6,1995,金桥,548,77249
此房满五*，户型方正，交通便利，生活配套设施齐全,泾东小区 ,3室1厅,87.03平米,东,25,1990,洋泾,720,82731
带产权车位，满五年，设施配套齐全，交通便利,日月光水岸花园(一期) ,1室2厅,72.64平米,南,13,2010,张江,670,92236
满五年 一手动迁 南北户型 全明户型 近地铁 视野开阔,金东名苑 ,2室2厅,87.03平米,南,12,2007,金桥,610,70091
2005年小区+带阁楼，满五，户型好，龙阳CBD辐射区内,龙沟新苑 ,2室2厅,82.92平米,南 北,6,2005,北蔡,620,74771
两房朝南，南北通，位置好，中间楼层,金鹏苑 ,2室2厅,76.93平米,南,6,1997,金桥,609,79163
产权清晰 业主诚意  02年商品小区,金舟苑 ,2室1厅,86.15平米,南,6,2002,金桥,596,69182
精装+三房+非顶楼+边套全明+户型方正+看房方便,潍坊十村 ,3室1厅,75.73平米,南 北,6,1985,潍坊,770,101678
塘桥内环内 双南两房一厅 近4号轨交 交通便利,微山新村 ,2室1厅,71.38平米,南,6,1979,塘桥,510,71449
"M5andV1,接受置换，中间位置，中间楼层，诚意出售。",绿地崴廉公寓 ,2室2厅,87.6平米,南 北,14,2005,高行,680,77626
一手动迁+南北通+看房方便+近地铁+业主诚意+满五年,川杨新苑(四期) ,2室1厅,88.02平米,南,6,2010,张江,509,57828
临河好位置+双地铁+通透全明+不靠路+采光好+看房方便,海东公寓 ,2室1厅,87.6平米,南,6,1997,北蔡,575,65640
前滩板块+满五税费少+带花园+诚意出售,上南山水苑 ,2室2厅,86.79平米,南 北,6,2001,杨思前滩,718,82729
金色中环 杨思前滩 有明珠一朵 五年尘尽光生 壕装全在,新里城和合苑 ,2室2厅,74.92平米,南,6,1999,杨思前滩,728,97171
电梯三房，自住装修，视野开阔采光好,北高大楼 ,3室1厅,71.79平米,南,17,1987,潍坊,710,98900
精装电梯中区全明两房，一手动迁满五，近6/7号线。,东明苑 ,2室1厅,80.82平米,南,24,1998,世博,689,85252
正气三房，非顶非底楼，采光好，魔范，诚意出售可签！,金桥新村四街坊 ,3室1厅,75.3平米,南,6,1997,金桥,670,88978
自住装修，全明户型，户型正气，南北通风大两房。,御桥馨华苑 ,2室2厅,74.18平米,南,6,2004,御桥,680,91669
前滩板块+近地铁+ 采光好 +南北通透+ 配套齐全,上南玲珑苑 ,2室2厅,81.93平米,南 北,6,1999,杨思前滩,730,89101
满五年，税少，南北通透户型，诚意出售，价格可谈,大华锦绣华城(四街区) ,2室2厅,73.59平米,南 北,6,2010,北蔡,750,101917
绿地品质 南北两房 房型正气 自住装修 18号线800米,绿地东上海二期 ,2室2厅,88.04平米,南 北,14,2010,周浦,605,68719
杨思前滩+中间楼层+精装修拎包入住+满五年税费少+诚售,三林世博家园(新浦路199弄) ,2室1厅,74.78平米,南 北,6,2006,杨思前滩,525,70206
三林板块+满五年+位置好+中高楼层+南北户型,中海御景熙岸(公寓) ,2室2厅,82.3平米,南 北,18,2011,三林,570,69259
闹中取静，一梯两户全明户型，中间楼层,荷五小区 ,3室1厅,87.52平米,南,6,1995,金桥,540,61701
三开间朝南，视野采光好，配套好,滨康大楼 ,2室1厅,77.03平米,南,18,未知,陆家嘴,688,89316
三林前滩+南北户型+地铁11号线+满五,绿地香颂(浦东)(公寓) ,2室1厅,82.75平米,南 北,18,2011,三林,510,61632
2号线世纪公园地铁站+东边套+单价低+商品房+央位,梅花苑 ,2室1厅,79.19平米,南,6,1996,花木,650,82082
二楼，满五年，看房方便，可签字！,金鹏苑 ,2室1厅,79.39平米,南,6,1997,金桥,610,76836
丽都成品：看看总价满五唯还找啥呢来看房吧,丽都成品 ,2室1厅,83.89平米,南,18,2005,金桥,650,77483
⭐⭐⭐⭐⭐满五且一套，高楼层，视野采光好，自住装修,绿地崴廉公寓 ,2室2厅,86.67平米,南,14,2005,高行,620,71536
一手动迁   税费少 户型正气 得房率高,新高苑(一期) ,2室2厅,85.14平米,南,6,2006,高行,527,61899
中环内+南北板式大两房+中间楼层+动迁少税+诚意出售,三林世博家园(大道站路94弄) ,2室2厅,86.97平米,南,6,2006,杨思前滩,550,63241
华高二村 2室2厅 南,华高二村 ,2室2厅,84.49平米,南,6,1998,高行,500,59179
新！电梯大户型，单价低位置好，采光无遮挡，方便看房,博山小区 ,2室2厅,87.03平米,南,25,1990,洋泾,595,68368
电梯房，装修好，交通方便，生活方便,莲溪大楼 ,2室2厅,86.04平米,南,18,1995,北蔡,500,58113
三林板块+一手动迁+06年房龄+近地铁,金禾新苑 ,2室2厅,80.49平米,南,11,2006,三林,760,94422
花木苑 2室1厅 南,花木苑 ,2室1厅,74.08平米,南,6,2000,花木,750,101242
近森兰，精装30万，中间楼层，采光足，房东诚意,浦江东旭公寓(669弄1-109号) ,2室2厅,78.78平米,南,7,2006,高行,510,64738
中间位置不靠路，一梯两户，商品房，正气南北户型,金桥好人家 ,2室2厅,89.57平米,南,6,2001,金桥,685,76477
总价不高小三房，交通便利近东陆路地铁站,利津小区 ,3室1厅,89平米,西南,18,1997,金桥,505,56742
精装修，户型好，采光充足，配套设施齐全，交通方便.,金樟花苑 ,2室1厅,76.04平米,南,18,2000,金杨,698,91794
三房朝南，新装修保养好，资源未用，诚意出售,香楠小区 ,3室1厅,85.48平米,南,6,1995,张江,570,66683
三林板块+税费低+11号线地铁+业主诚意出售,翠竹苑 ,3室1厅,81.81平米,南,6,1997,三林,514,62829
三林板块+热门楼盘+板式户型+南北通透+房源成熟,永泰花苑 ,2室2厅,83.39平米,南 北,18,2005,三林,635,76149
川杨一期正气两房+13号线地铁口+业主诚意卖看房预约,川杨新苑(一期) ,2室2厅,75.17平米,南 北,6,2007,张江,550,73168
此房满五年，南北通透，采光充足，视野开阔，配套齐全,小红楼 ,2室2厅,87.02平米,南 北,6,2000,杨思前滩,715,82166
一手动迁，房东自住，价格可谈，看房方便,香楠小区 ,3室1厅,80.55平米,南,6,1995,张江,560,69523
位置好，不靠嫌恶设施。中间楼层，满五年诚意卖,金桥湾清水苑 ,3室1厅,85.61平米,南,6,1998,金桥,670,78262
满五年，免个税，小区中芯，很安静，随时等您品鉴,证大家园(一期) ,2室1厅,89.47平米,南,11,2002,高行,790,88298
前滩辐射+新房源+带车位+税费少+精装3房+业主诚意售,中海御景熙岸(公寓) ,3室2厅,88.32平米,南 北,18,2011,三林,657,74389
已核验备案+经典南北通两房，位置好，诚意出售！,御桥馨华苑 ,2室2厅,76.19平米,南,5,2004,御桥,698,91614
三林板块 地铁11号线 电梯房,永泰花苑 ,2室1厅,73.17平米,南,12,2005,三林,580,79268
精装修，河景房，健身楼层，业主诚意出售，,加东花园 ,2室1厅,76.47平米,南,6,1997,北蔡,549,71793
三林板块+万科物业+精装修两房+大露台,万科金色雅筑 ,2室1厅,70.31平米,南,5,2008,三林,780,110938
此房双南两房，主卧带阳台，视野宽阔，通风好采光佳,沪南船舶小区 ,2室1厅,78.11平米,南,6,1994,金桥,520,66573
前滩 御桥 张江 高楼层，采光好，视野好，交通便利,地杰国际城D街坊 ,2室2厅,84.8平米,南,27,2009,御桥,735,86675
看过来，您要的品质小区精装修三房来啦,联鑫坊 ,3室1厅,89.26平米,南,6,1998,高行,560,62739
满5年居家3房，诚意出售，欢迎看房,双桥小区 ,3室1厅,89.96平米,南,6,1997,高行,720,80036
近地铁 三轨相交 采光nice自住精装修 全明户型格局好,金杨新村四街坊 ,3室1厅,88.52平米,南,7,1994,金杨,720,81338
近地铁，高楼层，电梯房，大两房,北高大楼 ,2室1厅,71.18平米,东,17,1987,潍坊,638,89632
一半一手动迁税费少，中间位置，婚房装修带天井院子！,益丰新村 ,2室1厅,73.81平米,南,6,2005,张江,559,75735
金桥9-12号线电梯房，09年品质小区，南北通户型，税少,阳光城市家园 ,2室1厅,81.31平米,南,17,2009,金桥,580,71332
满五年，南北户型，中间楼层，不靠路,金桥湾清水苑 ,2室1厅,70.08平米,南 北,6,1998,金桥,608,86758
精装修 中间位置楼层好采光棒 适合置换,联鑫坊 ,3室1厅,88.85平米,南 北,6,1998,高行,593,66742
满五年，采光通风俱佳，业主诚意出售,雪野二村 ,2室1厅,70.01平米,东,16,1993,世博,585,83560
2号线世纪公园，非底楼，户型方正，诚意出售,兰花小区 ,2室2厅,73.25平米,南,6,1994,花木,720,98294
采光好 前后无遮挡 观澜川中 出门百联地铁,翔川家园 ,2室2厅,86平米,南,6,2010,川沙,570,66280
满五* 小区中间位置 近地铁 业主诚意出售,培花久远公寓 ,2室1厅,88.19平米,南,6,2000,北蔡,640,72571
中楼层，好户型，看房方便，诚意出售！店长主推,金鹏苑 ,2室2厅,71.82平米,南,6,1997,金桥,550,76581
看过来，您要的品质小区精装修三房来啦,联鑫坊 ,3室1厅,89.26平米,南,6,1998,高行,560,62739
中间楼层大两房，电梯房视野好，边套全明采光佳,博山小区 ,2室2厅,85.24平米,西南,25,1990,洋泾,630,73909
满5年居家3房，诚意出售，欢迎看房,双桥小区 ,3室1厅,89.96平米,南,6,1997,高行,720,80036
近地铁，高楼层，电梯房，大两房,北高大楼 ,2室1厅,71.18平米,东,17,1987,潍坊,638,89632
一半一手动迁税费少，中间位置，婚房装修带天井院子！,益丰新村 ,2室1厅,73.81平米,南,6,2005,张江,559,75735
双南两房户型好，楼层好位置佳，荃民户型采光好,金杨新村四街坊 ,2室1厅,70.36平米,南,7,1995,金杨,658,93520
三林前滩板块+好明珠+精装修+阁楼可住两人+诚意出售,新里城和合苑 ,2室2厅,75.07平米,南,6,1999,杨思前滩,750,99907
前滩 御桥 张江 高楼层，采光好，视野好，交通便利,地杰国际城D街坊 ,2室2厅,84.8平米,南,27,2009,御桥,735,86675
满五年，距地铁口450米，南北房型，公园一路之隔,天元公寓 ,2室1厅,83.19平米,南,24,1998,金杨,600,72125
已核验备案+康桥张江前滩+18号线电梯精装修两房,绿地康桥新苑 ,2室2厅,87.55平米,南,14,2004,康桥,503,57453
精装修 中间位置楼层好采光棒 适合置换,联鑫坊 ,3室1厅,88.85平米,南 北,6,1998,高行,593,66742
金桥9-12号线电梯房，09年品质小区，南北通户型，税少,阳光城市家园 ,2室1厅,81.31平米,南,17,2009,金桥,580,71332
2005年商品房，一梯两户，全明户型好房子,绿川新苑 ,2室2厅,82.68平米,南,6,2005,北蔡,505,61079
满五年且一套 商品房 南北通透 楼栋不靠路 视野采光好,龙阳花苑 ,2室2厅,80.67平米,南 北,6,1998,南码头,765,94831
小区央位+一手动迁税费少+采光楼层+诚意出售,香楠小区 ,3室1厅,81.81平米,南,6,1995,张江,550,67229
三林板块+南北三房+得房率高+配套齐全,翠竹苑 ,3室2厅,77.73平米,南,6,1997,三林,500,64326
高楼层 视野开阔 采光充足 户型很棒 诚意出售带车位！,保利金爵公寓 ,2室2厅,88.9平米,南 北,14,2009,唐镇,666,74916
滨江隧道进才北，自住三房一年精装修,中星张杨苑 ,3室1厅,75.22平米,南,6,未知,梅园,790,105026
此房附加阁楼无个税，业主诚心出售自住装修，采光好,金泽苑 ,2室1厅,78.49平米,南,6,1999,金桥,528,67270
18号线地铁口，2003年竣工，一手动迁免增值税，精装修,芳芯苑 ,2室1厅,75.81平米,南,6,2003,北蔡,600,79146
2004年商品房+南北户型+落地窗+南北通风+小区环境好.,绿川馨康苑 ,2室1厅,81.53平米,南,6,2004,北蔡,585,71753
已核验备案+建平+精装+双南+电梯两房,地杰国际城D街坊 ,2室2厅,80.96平米,南,18,2009,御桥,755,93256
中环边，位置佳，低楼层，户型方正，商品房小区,金泽苑 ,2室2厅,86.77平米,南,6,1999,金桥,630,72606
杨思前滩+满五年+精装修+央座位置+楼层中区+诚心出售,联丰二期 ,2室1厅,70.9平米,南,6,1998,杨思前滩,609,85896
近地铁 三轨相交 采光nice自住精装修 全明户型格局好,金杨新村四街坊 ,3室1厅,88.52平米,南,7,1994,金杨,720,81338
近地铁+近滨江大道+配套齐全+诚意出售,茂兴大厦 ,2室1厅,77.76平米,东南,24,1995,塘桥,530,68159
双南两房户型好，楼层好位置佳，荃民户型采光好,金杨新村四街坊 ,2室1厅,70.36平米,南,7,1995,金杨,658,93520
2005年商品房，一梯两户，全明户型好房子,绿川新苑 ,2室2厅,82.68平米,南,6,2005,北蔡,505,61079
满五年，距地铁口450米，南北房型，公园一路之隔,天元公寓 ,2室1厅,83.19平米,南,24,1998,金杨,600,72125
三林前滩板块+好明珠+精装修+阁楼可住两人+诚意出售,新里城和合苑 ,2室2厅,75.07平米,南,6,1999,杨思前滩,750,99907
前滩 御桥 张江 高楼层，采光好，视野好，交通便利,地杰国际城D街坊 ,2室2厅,84.8平米,南,27,2009,御桥,735,86675
2号线东昌路地铁口，中间楼层，南北两房，精装修,东昌大楼 ,2室1厅,74.6平米,南 北,13,1990,陆家嘴,690,92494
满五年且一套 商品房 南北通透 楼栋不靠路 视野采光好,龙阳花苑 ,2室2厅,80.67平米,南 北,6,1998,南码头,765,94831
精装修 中间位置楼层好采光棒 适合置换,联鑫坊 ,3室1厅,88.85平米,南 北,6,1998,高行,593,66742
金桥9-12号线电梯房，09年品质小区，南北通户型，税少,阳光城市家园 ,2室1厅,81.31平米,南,17,2009,金桥,580,71332
已核验备案+康桥张江前滩+18号线电梯精装修两房,绿地康桥新苑 ,2室2厅,87.55平米,南,14,2004,康桥,503,57453
一半一手动迁税费少，中间位置，婚房装修带天井院子！,益丰新村 ,2室1厅,73.81平米,南,6,2005,张江,559,75735
满五年，没有个税，户型明亮，采光好，近地铁,羽北小区 ,3室2厅,77.72平米,南,6,1995,洋泾,800,102934
18号线地铁口，2003年竣工，一手动迁免增值税，精装修,芳芯苑 ,2室1厅,75.81平米,南,6,2003,北蔡,600,79146
2004年商品房+南北户型+落地窗+南北通风+小区环境好.,绿川馨康苑 ,2室1厅,81.53平米,南,6,2004,北蔡,585,71753
曹路家苑双南两房 楼层好 位置佳 房东自住 诚心出售,曹路家苑 ,2室2厅,89.75平米,南,9,2010,曹路,540,60168
满五年wei一 带阁楼 可以看到河景和公园 视野开阔,爱法花园(一期) ,3室2厅,87.62平米,南,6,2004,曹路,565,64483
两年精装带地暖，中间楼层，近地铁，业主诚意出售,莲安东路80弄 ,3室1厅,82.73平米,南,6,1994,北蔡,580,70108
2015年电梯两房，小区中间位置，动迁房，没有增值税,德锦苑 ,2室1厅,86.23平米,南,17,2015,北蔡,624,72365
一梯一户双阳台，精装修双落地窗，绿地商品房，车位足,绿川新苑 ,2室1厅,86.12平米,南,6,2000,北蔡,550,63865
保利在造，品质三房，两房朝南，看房方便,保利铃兰公馆 ,3室2厅,89.95平米,南 北,8,未知,临港新城,500,55587
已核验备案+御桥精装两房+满五+地铁+拎包入住,御桥花园 ,2室2厅,75.68平米,南,6,1996,御桥,660,87210
三林杨思前滩+动迁+满五唯 一+无增值税个税+电梯中层,三林世博家园(东书房路390弄) ,2室1厅,76.45平米,南,17,2006,杨思前滩,550,71943
精装南北通大两房 万达地Tie  品质小区 业主诚意出售,菱翔苑 ,2室1厅,88.83平米,南,6,2006,周浦,526,59215
张江医学园区，周浦东，满五唯—，税费少，中高楼层,印象春城 ,2室2厅,88.5平米,南,15,2011,周浦,528,59662
房子满五wei1，随时可以看房，业主诚心出售，可以签字,印象春城 ,2室1厅,88.37平米,南,18,2011,周浦,540,61107
张江南板块 高品质小区 满五唯 景观层 精装修 无遮挡,印象春城 ,2室2厅,89.4平米,南 北,18,2011,周浦,613,68569
三林板块＋装修＋税费低＋位置好,金禾新苑 ,2室2厅,81.71平米,南,11,2006,三林,736,90075
此房满五，全明南北通，配套齐全，13/18双轨交600米,莲中二村 ,2室2厅,87.18平米,南,6,1994,北蔡,548,62859
杨思前滩+动迁房+居家装修+无遮挡采光好+顶层带阁楼,三林世博家园(东书房路390弄) ,2室1厅,73.22平米,南,6,2006,杨思前滩,510,69654
满五税费少小区安静位置好，看房方便业主诚心出售,红枫苑 ,3室1厅,78.3平米,南,6,1999,三林,535,68327
杨思前滩+动迁房+居家装修+无遮挡采光好+顶层带阁楼,三林世博家园(东书房路390弄) ,2室1厅,73.22平米,南,6,2006,杨思前滩,510,69654
沈默花苑南北通带30平露台，澧溪，万达，18号地铁,沈默花苑 ,2室2厅,78.32平米,南 北,6,2011,周浦,500,63841
此房满五，全明南北通，配套齐全，13/18双轨交600米,莲中二村 ,2室2厅,87.18平米,南,6,1994,北蔡,548,62859
三林前滩+11号线+精装+印象城+税费少+中高楼层电梯房,古银杏苑 ,2室1厅,84.88平米,南,12,1999,三林,560,65976
地铁8号线芦恒路，改善小三居，无增值税,士韵家园 ,3室1厅,81.88平米,南,30,2013,三林,535,65340
三林前滩+免增值税+免个税+中间位置+一梯两户+小三房,翠竹苑 ,3室1厅,78.06平米,南,6,1997,三林,520,66616
电梯双南两房，近地铁，老少皆宜,东明苑 ,2室2厅,78平米,南,24,1998,世博,665,85257
店长推荐房源：满五，税费少；精装，上下两层,南新公寓 ,4室2厅,77.93平米,南 北,6,1997,北蔡,565,72501
森兰商圈近地铁 小区安静位置 景观楼层 一手动迁税少,浦江东旭公寓(669弄1-109号) ,3室2厅,88.36平米,南,7,2007,高行,608,68810
05年小区+顶复带阁楼+车位充足,龙沟新苑 ,2室1厅,78.14平米,南,6,2005,北蔡,588,75250
金桥模范小区，精装修，花园位置，采光无遮挡诚意出售,金桥新村四街坊 ,2室2厅,76.39平米,南,6,1997,金桥,668,87447
【新增房源】诚意出售&一手动迁&满五*&户型方正！,中星张杨苑 ,3室1厅,75.22平米,南 北,6,未知,梅园,790,105026
满五维一税费少，高层朝南，业主诚意出售，欢迎品鉴,久阳滨江公寓 ,1室1厅,70.77平米,南 北,25,2006,陆家嘴,750,105978
杨思前滩+金色中环内+6号线地铁+满五唯/一+楼层位置佳,绿茵苑(浦东) ,2室2厅,72.2平米,南 北,7,1998,杨思前滩,500,69253
三林前滩+满五+11/6双轨交+电梯中楼层+无增值税,金光小区 ,3室2厅,86平米,南,6,1997,三林,668,77675
高楼层，视野采光好，双轨交，税费低,云台二小区 ,2室1厅,72.68平米,西北,24,1995,世博,520,71547
三林杨思前滩+免增值税+满五*+电梯中层+看房方便,三林世博家园(大道站路94弄) ,2室1厅,78.23平米,南 北,11,2006,杨思前滩,510,65193
中环内+南北板式大两房+带花园 诚意出售,三林世博家园(大道站路94弄) ,2室1厅,86.66平米,南 北,6,2006,杨思前滩,525,60582
中间楼层三房一厅 满五V1中间位置,雪野二村 ,3室1厅,72.57平米,南,5,1986,世博,700,96459
房子满五weiyi 南北通透 精装中yang空调 地暖 有车位,印象春城 ,2室1厅,89.23平米,南 北,18,2009,周浦,590,66122
张江南 品质小区 高楼层 视野好 满五weiyi  税费少,印象春城 ,2室1厅,88.23平米,南,18,2011,周浦,555,62904
三林板块+6/8/11三轨交汇+配套好+前滩,凌兆新村(上浦路510弄) ,2室2厅,77.01平米,南 北,6,1994,三林,515,66875
内环内电梯一房，品质高，视野开阔，动静分离,名门河滨花园 ,1室2厅,70.26平米,南,21,2006,洋泾,795,113152
此房采光好，居家装修，中间楼层靠公园，满五年诚售,爱法花园(一期) ,2室2厅,87.79平米,南,6,2004,曹路,502,57182
地铁口、电梯高区两房、视眼宽阔、采光充足、交通便利,蓝高小区 ,2室2厅,73.29平米,南 北,18,1994,塘桥,610,83232
中环以内+附带阁楼+拎包入住+不靠路+满五税少+诚意售,三林世博家园(大道站路94弄) ,2室2厅,83.75平米,南 北,6,2006,杨思前滩,550,65672
三林板块+板式两房+近地铁+采光充足+出行方便,三林新村(永泰路468弄) ,2室2厅,83.93平米,南,18,2009,三林,614,73157
小户型电梯房，房龄新，旭辉商场一路之隔，配套齐全。,名门河滨花园 ,1室2厅,70.26平米,南,21,2006,洋泾,768,109309
杨思前滩+一手动迁+户型方正+中间位置,三林世博家园(新浦路199弄) ,2室1厅,73.95平米,南,6,2006,杨思前滩,518,70048
位置安静不靠路，满五*无个税,金桥名都 ,2室1厅,79.34平米,南,12,2004,金桥,750,94530
张江南板块 高楼层 安静位置 满五年 精装修,印象春城 ,2室1厅,88.17平米,南,18,2010,周浦,526,59658
张江南 周浦品质小区 户型好   采光好 诚意售,印象春城 ,2室2厅,89平米,南,18,2011,周浦,563,63259
配套设施齐全+出行方便+采光充足+视野开阔,名门河滨花园 ,1室2厅,70.26平米,南,21,2006,洋泾,710,101054
满五年 有车位 无抵押 无贷款 位置好 随时能签字,印象春城 ,2室1厅,88.34平米,南,18,2011,周浦,555,62826
四期次新房 近地铁 地暖+空调 拎包入住 双南全明户型,明天华城 ,2室2厅,89.71平米,南,18,2018,周浦,616,68666
三林+杨思+前滩，中环内，顶楼阁楼，满五无个税,三林世博家园(板泉路2000弄) ,2室1厅,73.03平米,南 北,6,2006,杨思前滩,500,68466
看房方便+户型方正+边户采光通透,红莲小区 ,2室1厅,85.38平米,西,25,1998,世博,570,66761
前滩杨思+两房+南北通透+满五年+品质小区+近地铁,绿茵苑(浦东) ,2室1厅,75.28平米,南 北,6,1998,杨思前滩,518,68810
三林板块+地铁6/11号线+精装修+采光好,金橘新苑 ,2室2厅,85.11平米,南,16,2006,三林,765,89884
金色中环：新杨思、无个税、位置安静、带花园,新里城和合苑 ,2室1厅,79.5平米,南,6,1999,杨思前滩,760,95598
三林前滩+商品房+半人车分流+满五年+随时看房+叁居,品华苑 ,2室2厅,76.69平米,南,5,2000,三林,510,66502
张江南 品质小区 南北通透 满五年weiyi 诚意出售,印象春城 ,2室2厅,89.66平米,南 北,18,2011,周浦,593,66139
近地铁4号线+近黄浦江滨江大道+诚意出售,微山新村 ,3室1厅,75.52平米,南,6,1979,塘桥,560,74153
内环内高品质小区 高区江景房一室两厅 精装修 诚意卖,东南华庭 ,1室2厅,78.73平米,西北,29,2004,塘桥,728,92468
"户型方正，拎包入住，满五税费少,业主诚意出售",泾东小区 ,2室1厅,87.03平米,西南,25,1990,洋泾,750,86178
三林前滩板块+地铁11号线+精装修+电梯高区+诚意出售,金禾新苑 ,2室1厅,74.84平米,南,18,2006,三林,705,94201
小镇特色2房带花园，不靠路，满五年，税少，随时看房,幸福小镇 ,2室2厅,78.31平米,南,6,2005,高行,525,67042
杨思前滩CBD+全明户型+附阁楼精装修+诚意出售+税费少,源城锦翠苑 ,2室2厅,76.49平米,南,6,2005,杨思前滩,686,89685
周浦热点小区双南精装两房 采光充足 配套齐全,印象春城 ,2室1厅,87.9平米,南,18,2009,周浦,529,60183
双南两房大户型，近地铁，近菜场，采光通风好，视野好,德州五村 ,2室2厅,82平米,南,6,1994,世博,580,70732
杨思前滩+中高楼层+满五*+诚意出售,新里城和合苑 ,2室2厅,74.02平米,南,6,1999,杨思前滩,730,98622
35W精装拎包入住+中间楼层+业主诚意出售,三林世博家园(大道站路94弄) ,2室1厅,83平米,南,6,2006,杨思前滩,530,63856
此房南北通，格局好，业主诚心，寻找有缘人，看三件套,久阳滨江公寓 ,1室1厅,70.61平米,南 北,25,2006,陆家嘴,690,97720
zhongyang空调+地暖+有钥匙+业主诚意售,日月光水岸花园(一期) ,1室2厅,73.36平米,南,13,2010,张江,670,91331
近7号地铁南北两房，位置好，采光无遮挡，随时可看,大华锦绣华城(一街区) ,2室2厅,78.39平米,南,18,2008,北蔡,738,94145
前滩三林御桥，南北两房，一梯两户，得房率高,明丰花园 ,2室2厅,84.15平米,南,6,2003,三林,650,77244
绿地香颂(浦东)(公寓) 3室2厅 南,绿地香颂(浦东)(公寓) ,3室2厅,88.69平米,南,18,2011,三林,620,69907
此房满五年，售后公房，税费少，可自装设计,海运新村 ,2室1厅,80.54平米,东南,18,1990,塘桥,520,64565
已检验备案，前滩张江辐射，动迁没增值税，毛坯好改造,绿洲康城亲水湾(中央区) ,2室2厅,81.36平米,南,23,2015,御桥,609,74853
国家2019年新改造小区，双轨地铁，可直接入住,金恒小区 ,2室1厅,77.28平米,南,6,1995,北蔡,560,72464
加东花园 2室2厅 南,加东花园 ,2室2厅,72平米,南,6,1997,北蔡,530,73612
万科品质好房，高楼层，无遮挡采光好，户型方正。,万科金域澜湾 ,3室2厅,89.88平米,南 北,8,2018,临港新城,515,57299
"金色中环,2008年建平小区,一手动迁,税费低,三开间朝南",民康苑 ,2室2厅,84.75平米,南,18,2008,御桥,710,83776
已核验+雅颂少有户型  南 北 通透  东边套  阳光充足,绿洲康城亲水湾(中央区) ,2室2厅,83.86平米,南 北,18,未知,御桥,700,83473
满五年 低楼层 配套设施齐全 诚意出售,栖山路1689弄 ,2室1厅,71.19平米,南 北,6,1994,金杨,770,108162
杨思前滩+南北户型+配套齐全+交通便利,东方悦居 ,2室1厅,71.77平米,南,6,2008,杨思前滩,610,84994
三林板块+两房+近地铁+采光充足+出行方便,三林新村(永泰路468弄) ,2室2厅,83.82平米,南 北,18,2009,三林,595,70986
中环以内+电梯两房+南北户型+花园位置+边套+诚售,三林世博家园(大道站路94弄) ,2室1厅,78.23平米,南 北,11,2006,杨思前滩,505,64554
此房位于小区花园位置，户型方正，满五年无增值税！,莱阳新家园 ,2室1厅,71.84平米,南,6,2000,金桥,510,70992
一手动迁税费少  满五 拎包入住 全明户型,东源名都 ,2室2厅,85.25平米,南,10,2007,高行,620,72728
九号线金桥站 户型方正 全明户型 02年小区,永建路86弄 ,2室1厅,82.23平米,南,6,2002,金桥,545,66278
一手动迁+满五+拎包入住+交通方便,香楠小区 ,2室1厅,74.76平米,南,6,1995,张江,520,69556
陆家嘴滨江电梯两房，税费各付、双南户型,滨江大楼 ,2室1厅,70.76平米,南,24,1997,陆家嘴,770,108819
内环内电梯房，中间楼层，2号线世纪公园 ，大一房，,新领地 ,1室1厅,71.76平米,北,29,2002,花木,574,79989
已核验备案，一手动迁，两南一北经典三房，诚意出售,民星苑 ,3室1厅,74.02平米,南,6,1997,御桥,630,85113
陆家嘴二线江景房，满五年，地段好，装修保养佳。,滨江大楼 ,2室1厅,70.78平米,南,24,1997,陆家嘴,640,90422
中间楼层 不靠路 位置好 户型好一梯两户 精装修带,三林世博家园(新浦路251弄) ,2室1厅,74平米,南,6,2006,杨思前滩,530,71622
南北通透格局，无遮挡采光好，户型方正，精装保养好。,保利铃兰公馆 ,3室2厅,89.71平米,南 北,8,2018,临港新城,500,55736
已核验备案一手动迁，通透3房，楼层适中，精装修,民星苑 ,3室1厅,76.98平米,南,6,1997,御桥,720,93531
双南户型，楼层佳，近地铁，配套齐全,洪高小区 ,2室1厅,75.51平米,南,16,1990,世博,635,84095
总价低 18号线口 双澧溪 近万达 配套成熟,繁荣华庭 ,2室1厅,74.9平米,南,15,2016,周浦,500,66756
已核验 开发商统一精装修 东边套保养好 小区环境新,绿洲康城亲水湾(中央区) ,2室1厅,73.26平米,南 北,20,2018,御桥,595,81218
配套成熟  得房率高  全款客户价格可谈,菱翔苑 ,2室1厅,89.83平米,南,6,2003,周浦,520,57888
前滩+阁楼有窗+带阳光房+带衣帽间+诚意卖+客厅挑空,新里城和合苑 ,2室2厅,73.83平米,南,6,1999,杨思前滩,775,104971
新上南北两房，高楼层视野开阔 采光充足 精装修保养好,绿地崴廉公寓 ,2室2厅,86.96平米,南 北,14,2005,高行,660,75897
陈家宅新出低区精装2房，满五年税费少,陈家宅小区(潍坊西路) ,2室1厅,73.42平米,南,18,未知,陆家嘴,650,88532
售后公房+三房+非顶楼+税费少+户型方正+看房方便,潍坊十村 ,3室1厅,72.18平米,南 北,6,1985,潍坊,757,104877
三林板块+全明户型+自住精装+中间楼层+近商场地铁,品新苑 ,3室1厅,72.99平米,南,6,2000,三林,535,73298
一手动迁，满五+诚意出售+近地铁+近双子塔,川杨新苑(三期) ,2室2厅,87.25平米,南,6,2010,张江,525,60172
一手动迁，满五+诚意出售+近地铁+近双子塔,川杨新苑(三期) ,2室2厅,87.25平米,南,6,2010,张江,525,60172
近地铁 全明 满五 精装修 动静分离 低楼层,绿茵苑(浦东) ,3室1厅,88.24平米,南 北,6,1998,杨思前滩,650,73663
动迁房性质+无其他房产+6/9/14三轨交汇++诚意出售,金杨六街坊 ,3室1厅,83.08平米,南,6,1994,金杨,740,89071
精装修z央空调+楼层好采光好+小区央位安静+满五唯yi,绿地康桥新苑 ,2室2厅,81.08平米,南,6,2004,康桥,505,62285
杨思北蔡三林+免增值税+小区位置好环境好+停车方便,三林世博家园(大道站路94弄) ,2室2厅,83平米,南,6,2006,杨思前滩,510,61446
高区景观房 精装修 拎包入住 房东诚意出售,东方龙苑 ,2室1厅,71.88平米,南,11,2004,杨东,795,110602
保利铃兰公馆 3室1厅 南,保利铃兰公馆 ,3室1厅,89.95平米,南,8,2017,临港新城,508,56476
满五+一梯两户商品房+方正南北户型+采光良好,金杨路750弄 ,3室1厅,83.5平米,南,6,1996,金杨,530,63474
总价低+一梯二户+双南双阳+全明户型+德平路地铁,上泰花苑 ,2室1厅,70.34平米,南,6,1998,金杨,510,72505
2000年商品房，精装修，满五*，税费少,绿川新苑 ,2室2厅,81.89平米,南,6,2000,北蔡,524,63989
满五  精装修  近地铁  双南两房  带电梯,东明苑 ,2室2厅,78.1平米,南,24,1998,世博,669,85660
杨思前滩+电梯高层+视野开阔+动迁毛坯,三林世博家园(东书房路560弄) ,2室1厅,75.25平米,南,17,2006,杨思前滩,515,68439
浦东世博 四轨交 精装修 房龄新 电梯中楼层,逸翠公馆 ,2室2厅,86.45平米,东 东南,24,2011,世博,760,87913
前滩三林+电梯房+11号线+双南户型,金禾新苑 ,2室1厅,72平米,南,11,2006,三林,720,100000
外环内商品房，15年房龄，小区新，配套纯熟。,绿洲康城亲水湾(中央区) ,2室2厅,81平米,南,23,2015,御桥,580,71605
杨思前滩+铂金楼层+满五年+拎包入住+花园位置+精装,三林世博家园(大道站路94弄) ,2室1厅,84平米,南,6,2006,杨思前滩,580,69048
莲中路250弄 2室2厅 南,莲中路250弄 ,2室2厅,82.29平米,南,6,1996,北蔡,530,64407
保利的商品房，户型好，婚房装修，免个税，有车位,保利金色唐城 ,2室2厅,76.31平米,南,6,2008,唐镇,520,68144
国地公寓 2室1厅 南,国地公寓 ,2室1厅,87.66平米,南,6,1998,塘桥,690,78714
绿地香颂(浦东)(公寓) 2室2厅 南,绿地香颂(浦东)(公寓) ,2室2厅,87.84平米,南,18,2011,三林,620,70583
保利金爵公寓 2室1厅 南,保利金爵公寓 ,2室1厅,74.64平米,南,14,2009,唐镇,518,69400
三林板块+2011年人车分流小区+绿地品质+电梯高区,绿地香颂(浦东)(公寓) ,3室2厅,87.84平米,南,18,2011,三林,676,76959
06年商品房  满五年  无个税 看房方便 诚意出售,杉林新月环林东路875弄 ,2室2厅,83.37平米,南,18,2006,三林,615,73768
中间楼层，一手动迁，税费少，业主诚意出售，户型方正,创新佳苑 ,2室2厅,87.27平米,北 南,11,2013,唐镇,549,62909
已核验备案+主卧八角窗+税费少+视野无遮挡+近地铁,绿地康桥新苑 ,2室2厅,88.06平米,南 北,6,2004,康桥,520,59051
：新上益丰新村 此房中间楼层，满五年 业主自住,益丰新村 ,2室2厅,70.99平米,东 东南,6,1995,张江,500,70433
一手动迁+满五#一+中间楼层+拎包入住,香楠小区 ,3室1厅,84.25平米,南,6,1995,张江,558,66232
一手动迁，近模范，税费低，户型方正，近6号线,金桥新村四街坊 ,2室1厅,75.19平米,南,6,1997,金桥,618,82192
一手动迁税费低 户型方正  中间楼层电梯房  诚意出售,新高苑(四期) ,2室2厅,84.06平米,南,11,2013,高行,540,64240
已核验报备+总价低+诚意出售，满五少税！,御桥花园 ,3室2厅,86.94平米,南,6,1996,御桥,700,80516
双南户型  无个税 景观楼层 诚意出售,金鹏苑 ,2室2厅,71.64平米,南,6,1997,金桥,560,78169
杨思前滩+次新房+6号线高青路+三开间朝南＋诚意出售,博学家园 ,2室1厅,85.25平米,南,11,2010,杨思前滩,650,76247
16号线滴水湖站品牌开发商陆家嘴集团一线湖景通透户型,陆家嘴滴水涟岸 ,2室2厅,88.04平米,南,14,未知,临港新城,580,65880
底楼带院，自住精装修居家好房，出门就是地铁和文峰。,中大丽都 ,2室1厅,87.29平米,南,6,2003,金桥,615,70455
南北通户型+总价低+带产权车位+看房方便,杉林新月环林东路875弄 ,2室2厅,82.8平米,南 北,18,2006,三林,550,66426
三房，近地铁，动迁未用，前后无遮挡采光好。,蓝城小区 ,3室1厅,78.91平米,南 北,6,1994,金桥,540,68433
三林板块+小区中间位置+一梯两户+南北两房+非底楼,杉林新月环林东路879弄 ,2室1厅,71.08平米,南 北,6,2004,三林,510,71751
双桥小区，双南两房，中间楼层花园位置,双桥小区 ,2室1厅,73.64平米,南,6,1997,高行,670,90984
小区中间位置，楼层好全明户型，房东诚意出售满五年,东方城市绿洲 ,2室2厅,89.51平米,南,11,2010,川沙,535,59770
朝小区中间，电梯三房，景观好，楼下是公园，诚意出售,博山小区 ,3室1厅,85.24平米,西南,25,1990,洋泾,575,67457
小区花园位置，3楼，三房朝南，满五不*,罗山四村 ,3室1厅,85.31平米,南,6,1991,金杨,630,73849
地铁200米+小户型总价低+满5年*,日月光水岸新郡 ,1室2厅,71.7平米,南,12,未知,张江,648,90377
三林新村+精装修两房+全明户型,三林新村(永泰路258弄) ,2室1厅,70.75平米,南,14,2012,三林,506,71520
三林前滩板块+一手动迁+南北两房+中间位置+中间楼层,杉林新月环林东路799弄 ,2室2厅,74.89平米,南 北,6,2004,三林,520,69436
梅花苑 2室1厅 南,梅花苑 ,2室1厅,79.19平米,南,6,1996,花木,598,75515
房子满五年 户型方正，开发商统一精装修，采光好,大华锦绣华城(十五街区) ,2室2厅,72.57平米,南,18,2013,北蔡,780,107483
满五且一套，中间层，南北户型，无遮挡采光好，近万嘉,高行家园 ,2室2厅,82.3平米,南,6,2009,高行,500,60754
06年商品房 满五年 沿河景观楼层 诚意出售,杉林新月环林东路875弄 ,2室2厅,82.91平米,南,18,2006,三林,618,74539
景观房+采光好+健身楼层+户型正气+税费少+看房方便,芳华路268弄 ,2室2厅,80.48平米,南,6,1996,北蔡,560,69583
牡丹小区(浦东) 2室1厅 南,牡丹小区(浦东) ,2室1厅,71.24平米,南,6,1997,花木,710,99664
满五年，近地铁，小区中间位置。,龙臣公寓 ,2室1厅,86.61平米,南,6,1998,金桥,535,61772
7号线世博后滩板块，南北两房，精装修,新世纪花苑(一期)(浦东) ,2室1厅,77.32平米,南,7,1996,世博,695,89887
"售后公房，满五wei一税费少,配套齐全",德州大楼 ,2室1厅,81.19平米,南,25,1991,世博,555,68359
模范小区 花园位置 诚意出售 价格可谈,金桥新村四街坊 ,2室1厅,74.34平米,南,6,1997,金桥,650,87437
满五年免个税，精装修楼层好，带两个固定的租赁车位,果园二村 ,3室2厅,85.15平米,南 北,5,2003,周浦,575,67528
三林前滩+满五+11/6双轨交+06年次新小区+无增值税个税,金橘新苑 ,2室1厅,84.89平米,南,18,2006,三林,750,88350
婚房精装修 双南全明正气户型 诚意出售 楼层采光好,金藤苑 ,2室2厅,75.51平米,南,6,1997,金桥,520,68866
已核验备案，一手动迁，两南一北经典三房，诚意出售,民星苑 ,3室2厅,74.2平米,南,6,1997,御桥,730,98383
已核验备案此房总价低，两个房间朝南，采光佳，中楼层,民星苑 ,3室1厅,74.78平米,南,6,1997,御桥,730,97620
房龄新，15年电梯房，一梯一户，两房朝南,东方城市豪苑 ,2室1厅,75.38平米,南,9,2012,川沙,520,68984
正气三房，全明户型，近地铁，满五年维一 一手动迁,东荷小区 ,3室1厅,86.4平米,南,6,1997,金桥,520,60186
陆家嘴北滨江 260米步行滨江带 可以看黄浦江 满五年,环球广场 ,1室1厅,71.39平米,北,33,1996,梅园,620,86847
毛坯一房 诚意出售 商品动迁小区 环境好,繁荣华庭 ,1室1厅,74.88平米,南,15,2016,周浦,500,66774
兰园小区 3室1厅 南,兰园小区 ,3室1厅,71.99平米,南,5,1987,陆家嘴,705,97931
精装修，景观房，拎包入住，电梯房,德州大楼 ,2室1厅,70.34平米,南,25,未知,世博,500,71084
中间楼层，户型方正，采光佳，诚意出售！,金桥新村四街坊 ,2室2厅,75.3平米,南,6,1997,金桥,660,87650
房子原始动迁，看房方便，诚意出售，税费少，双天井,金桥新村四街坊 ,3室2厅,73.07平米,南,6,1997,金桥,668,91420
百舸馨苑 2室2厅 南,百舸馨苑 ,2室2厅,89.81平米,南,6,2004,御桥,500,55674
电梯房 受众面广 世博版块难得的大俩房,长青教师公寓 ,2室2厅,86.39平米,南,18,1991,世博,535,61929
此房满五年 售后公房 低楼层 双南 采光好 诚意出售,罗山五村 ,2室1厅,74.2平米,南,6,1990,金杨,550,74124
双轨双地铁+婚房装修+三房朝南+售后公房满五年,德州大楼 ,3室1厅,81.49平米,南,25,未知,世博,618,75838
边套全明户型，采光无遮挡，品质小区，地铁口,文兰小区 ,2室1厅,71.11平米,南 东 西,6,1992,塘桥,590,82971
18号线康桥站+前滩张江+电梯房+诚意出售+满五,绿地康桥新苑 ,2室2厅,89.49平米,南 北,14,2004,康桥,500,55873
一手动迁，税费低，户型正气，一梯两户，业主诚意,金桥新村四街坊 ,2室1厅,75.3平米,南,6,1997,金桥,630,83666
品质小区，精装修，安静位置，高区采光优秀，诚意出售,明天华城 ,2室2厅,87.87平米,南,18,未知,周浦,595,67714
君誉江畔 2室1厅 东南,君誉江畔 ,2室1厅,88.08平米,东南,27,2013,塘桥,600,68120
君誉江畔 2室1厅 南,君誉江畔 ,2室1厅,88.08平米,南,27,2013,塘桥,500,56767
户型方正，前后无遮挡，视野开阔，可拎包入住。,香楠小区 ,2室2厅,79.51平米,南,6,1994,张江,560,70432
君誉江畔 2室1厅 南 北,君誉江畔 ,2室1厅,88.08平米,南 北,27,2013,塘桥,550,62444
东明苑 2室1厅 东南,东明苑 ,2室1厅,80.82平米,东南,24,1998,世博,710,87850
